{"cameraMode":{"drawMode":0,"name":"Shaded","section":"Shading Mode"},"sceneLighting":false,"audioPlay":false,"sceneViewState":{"m_AlwaysRefresh":false,"showFog":true,"showSkybox":true,"showFlares":true,"showImageEffects":true,"showParticleSystems":true,"showVisualEffectGraphs":true,"m_FxEnabled":true},"in2DMode":false,"pivot":{"x":0.49194034934043887,"y":0.4655330777168274,"z":-1.7933071851730347},"rotation":{"x":-0.14356835186481477,"y":0.7721962928771973,"z":-0.18799543380737306,"w":-0.5897110104560852},"size":5.73165225982666,"orthographic":false}